type,part,material,thickness_or_section,length_mm,width_mm,qty,notes
profile,Rail spacer front left,"Rail spacer / air dam, 30x30 SHS + packers, bolted to upright",32x30 (30x30 + 2 packer),731.2,,1,
profile,Rail spacer front right,"Rail spacer / air dam, 30x30 SHS + packers, bolted to upright",32x30 (30x30 + 2 packer),731.2,,1,
profile,Rail spacer rear left,"Rail spacer / air dam, 30x30 SHS + packers, bolted to upright",32x30 (30x30 + 2 packer),731.2,,1,
profile,Rail spacer rear right,"Rail spacer / air dam, 30x30 SHS + packers, bolted to upright",32x30 (30x30 + 2 packer),731.2,,1,
profile,Post FL,"Steel SHS 30x30 C350L0, welded (weld pack CP-SRA16-FRM-001)",30x30 SHS,1766.2,,1,
profile,Post FR,"Steel SHS 30x30 C350L0, welded (weld pack CP-SRA16-FRM-001)",30x30 SHS,1766.2,,1,
profile,Post RL,"Steel SHS 30x30 C350L0, welded (weld pack CP-SRA16-FRM-001)",30x30 SHS,1766.2,,1,
profile,Post RR,"Steel SHS 30x30 C350L0, welded (weld pack CP-SRA16-FRM-001)",30x30 SHS,1766.2,,1,
profile,Rail Base left,"Steel SHS 30x30 C350L0, welded (weld pack CP-SRA16-FRM-001)",30x30 SHS,1004.0,,1,
profile,Rail Base right,"Steel SHS 30x30 C350L0, welded (weld pack CP-SRA16-FRM-001)",30x30 SHS,1004.0,,1,
profile,Rail Mid left,"Steel SHS 30x30 C350L0, welded (weld pack CP-SRA16-FRM-001)",30x30 SHS,1004.0,,1,
profile,Rail Mid right,"Steel SHS 30x30 C350L0, welded (weld pack CP-SRA16-FRM-001)",30x30 SHS,1004.0,,1,
profile,Rail Shelf left,"Steel SHS 30x30 C350L0, welded (weld pack CP-SRA16-FRM-001)",30x30 SHS,1004.0,,1,
profile,Rail Shelf right,"Steel SHS 30x30 C350L0, welded (weld pack CP-SRA16-FRM-001)",30x30 SHS,1004.0,,1,
profile,Rail Top left,"Steel SHS 30x30 C350L0, welded (weld pack CP-SRA16-FRM-001)",30x30 SHS,1004.0,,1,
profile,Rail Top right,"Steel SHS 30x30 C350L0, welded (weld pack CP-SRA16-FRM-001)",30x30 SHS,1004.0,,1,
profile,Upright front left,"Steel SHS 30x30 C350L0, welded (weld pack CP-SRA16-FRM-001)",30x30 SHS,731.2,,1,
profile,Upright front right,"Steel SHS 30x30 C350L0, welded (weld pack CP-SRA16-FRM-001)",30x30 SHS,731.2,,1,
profile,Upright rear left,"Steel SHS 30x30 C350L0, welded (weld pack CP-SRA16-FRM-001)",30x30 SHS,731.2,,1,
profile,Upright rear right,"Steel SHS 30x30 C350L0, welded (weld pack CP-SRA16-FRM-001)",30x30 SHS,731.2,,1,
profile,Rail Base front,"Steel SHS 30x30 C350L0, welded (weld pack CP-SRA16-FRM-001)",30x30 SHS,554.0,,1,
profile,Rail Base rear,"Steel SHS 30x30 C350L0, welded (weld pack CP-SRA16-FRM-001)",30x30 SHS,554.0,,1,
profile,Rail Mid rear,"Steel SHS 30x30 C350L0, welded (weld pack CP-SRA16-FRM-001)",30x30 SHS,554.0,,1,
profile,Rail Shelf front,"Steel SHS 30x30 C350L0, welded (weld pack CP-SRA16-FRM-001)",30x30 SHS,554.0,,1,
profile,Rail Shelf rear,"Steel SHS 30x30 C350L0, welded (weld pack CP-SRA16-FRM-001)",30x30 SHS,554.0,,1,
profile,Rail Top front,"Steel SHS 30x30 C350L0, welded (weld pack CP-SRA16-FRM-001)",30x30 SHS,554.0,,1,
profile,Rail Top rear,"Steel SHS 30x30 C350L0, welded (weld pack CP-SRA16-FRM-001)",30x30 SHS,554.0,,1,
profile,Ledge floor left,"Steel flat bar 20x3, welded ledge",20x3 FB,1004.0,,1,
profile,Ledge floor right,"Steel flat bar 20x3, welded ledge",20x3 FB,1004.0,,1,
profile,Ledge shelf left,"Steel flat bar 20x3, welded ledge",20x3 FB,1004.0,,1,
profile,Ledge shelf right,"Steel flat bar 20x3, welded ledge",20x3 FB,1004.0,,1,
profile,Ledge partition left,"Steel flat bar 20x3, welded ledge",20x3 FB,611.0,,1,
profile,Ledge partition right,"Steel flat bar 20x3, welded ledge",20x3 FB,611.0,,1,
profile,Ledge floor front,"Steel flat bar 20x3, welded ledge",20x3 FB,514.0,,1,
profile,Ledge floor rear,"Steel flat bar 20x3, welded ledge",20x3 FB,514.0,,1,
profile,Ledge partition rear,"Steel flat bar 20x3, welded ledge",20x3 FB,514.0,,1,
profile,Ledge shelf rear,"Steel flat bar 20x3, welded ledge",20x3 FB,514.0,,1,
sheet,Partition,Birch ply 12 mm,12.0,611.0,554.0,1,
sheet,Bay floor,Birch ply 18 mm,18.0,1004.0,554.0,1,cut-outs
sheet,Divider shelf,Birch ply 18 mm,18.0,1004.0,554.0,1,cut-outs
sheet,Side panel left MLV,Mass-loaded vinyl 5 kg/m2 (3 mm),3.0,1766.2,1064.0,1,
sheet,Side panel right MLV,Mass-loaded vinyl 5 kg/m2 (3 mm),3.0,1766.2,1064.0,1,
sheet,Rear panel MLV,Mass-loaded vinyl 5 kg/m2 (3 mm),3.0,1766.2,622.4,1,cut-outs
sheet,Top panel MLV,Mass-loaded vinyl 5 kg/m2 (3 mm),3.0,1072.4,622.4,1,
sheet,Door lower MLV,Mass-loaded vinyl 5 kg/m2 (3 mm),3.0,988.5,622.4,1,cut-outs
sheet,Door upper MLV,Mass-loaded vinyl 5 kg/m2 (3 mm),3.0,772.7,622.4,1,cut-outs
sheet,Foam under floor,"Melamine acoustic foam 20 mm (FR, Class 0)",20.0,964.0,514.0,1,cut-outs
sheet,Foam shelf underside,"Melamine acoustic foam 25 mm (FR, Class 0)",25.0,610.0,514.0,1,
sheet,Foam partition underside,"Melamine acoustic foam 25 mm (FR, Class 0)",25.0,591.0,514.0,1,
sheet,Foam inlet riser,"Melamine acoustic foam 25 mm (FR, Class 0)",25.0,456.0,178.0,1,
sheet,Foam side left lower,"Melamine acoustic foam 30 mm (FR, Class 0)",30.0,1004.0,402.0,1,
sheet,Foam side left mid,"Melamine acoustic foam 30 mm (FR, Class 0)",30.0,1004.0,513.0,1,
sheet,Foam side right lower,"Melamine acoustic foam 30 mm (FR, Class 0)",30.0,1004.0,402.0,1,
sheet,Foam side right mid,"Melamine acoustic foam 30 mm (FR, Class 0)",30.0,1004.0,513.0,1,
sheet,Foam top,"Melamine acoustic foam 30 mm (FR, Class 0)",30.0,1004.0,554.0,1,
sheet,Foam door lower,"Melamine acoustic foam 30 mm (FR, Class 0)",30.0,901.0,510.0,1,cut-outs
sheet,Foam side left rack front,"Melamine acoustic foam 30 mm (FR, Class 0)",30.0,731.2,130.0,1,
sheet,Foam side left rack middle,"Melamine acoustic foam 30 mm (FR, Class 0)",30.0,731.2,640.0,1,
sheet,Foam side left rack rear,"Melamine acoustic foam 30 mm (FR, Class 0)",30.0,731.2,174.0,1,
sheet,Foam side right rack front,"Melamine acoustic foam 30 mm (FR, Class 0)",30.0,731.2,130.0,1,
sheet,Foam side right rack middle,"Melamine acoustic foam 30 mm (FR, Class 0)",30.0,731.2,640.0,1,
sheet,Foam side right rack rear,"Melamine acoustic foam 30 mm (FR, Class 0)",30.0,731.2,174.0,1,
sheet,Foam rear rack,"Melamine acoustic foam 30 mm (FR, Class 0)",30.0,731.2,554.0,1,cut-outs
sheet,Foam door upper,"Melamine acoustic foam 30 mm (FR, Class 0)",30.0,687.2,510.0,1,
sheet,Foam rear lower,"Melamine acoustic foam 30 mm (FR, Class 0)",30.0,554.0,402.0,1,
sheet,Foam rear mid,"Melamine acoustic foam 30 mm (FR, Class 0)",30.0,554.0,513.0,1,cut-outs
