group,ref,item,spec,qty,unit_AUD_indicative,line_AUD,optional
Touchscreen,HMI,Waveshare ESP32-S3-Touch-LCD-4.3B,"800x480 IPS, GT911 touch, 7-36 V in, RS485, isolated DI/DO, 16 MB flash, 8 MB PSRAM",1,79.0,79.0,
Touchscreen,pod,SHT41 breakout (room),"Adafruit 5776 or equal, in the pod's vented corner",1,12.0,12.0,
Touchscreen,pod,"Active buzzer 12 V, 12 mm","85 dB, on DO0",1,2.5,2.5,
Touchscreen,pod,"Door contact, upper door","surface reed contact (MC-38 type), closed when shut",1,4.0,4.0,
Rack node,U1,ESP32-S3-DevKitC-1-N8R8,"Espressif, 2 x 22 pins",1,25.0,25.0,
Rack node,U2,"TTL-RS485 module, automatic direction, 3.3 V",SP3485 / MAX3485 class,1,6.0,6.0,
Rack node,U3,"5 V 1 A step-down regulator, 7-36 V in",Pololu D24V10F5 or equal,1,15.0,15.0,
Rack node,U4,IR receiver TSOP38238,38 kHz,1,3.0,3.0,
Rack node,K1,Relay Omron G5V-1-DC12,"SPDT, 1 A 30 VDC",1,5.0,5.0,
Rack node,"U5, Q1-Q2, D1-D3, F1","PC817, 2 x PN2222A, 2 x 1N4148, 1N5819, PTC 0.5 A",,1,4.0,4.0,
Rack node,"R, C",Resistors and capacitors (sheet 2 list),"1/4 W metal film, ceramic + electrolytic",1,4.0,4.0,
Rack node,PCB,"Prototype board 70 x 90 mm, plated through",2.54 mm grid,1,3.0,3.0,
Rack node,J,"Terminals 3.5 mm (6 x 2-way, 3 x 3-way, 1 x 4-way), JST-XH 4, 2 x 22-way sockets",pluggable or fixed,1,9.0,9.0,
Sensors,T1-T3,"DS18B20 waterproof probe, 6 x 50 mm stainless, 1 m lead",cold side,3,6.0,18.0,
Sensors,T4-T6,"DS18B20 waterproof probe, 6 x 50 mm stainless, 3 m lead","hot side, cut to the harness",3,7.0,21.0,
Sensors,RH,SHT41 breakout (cold side),"Adafruit 5776 or equal, on a 0.5 m lead",1,12.0,12.0,
Sensors,LEAK,"Mini float switch, vertical, normally open","M8 stem, 52 mm; set to close as it rises",1,6.0,6.0,
Sensors,DOOR,"Door contact, lower door",surface reed contact (MC-38 type),1,4.0,4.0,
AC control,IR,"IR emitter, stick-on, 3.5 mm mono plug","AV 'IR blaster' emitter, no built-in resistor",1,6.0,6.0,
AC control,W4,3.5 mm mono socket on a 1.5 m lead,"socket end in the bay, bare end to J7",1,6.0,6.0,
Cables,W1,4-core 0.22 mm2 shielded alarm cable,door bus,2,1.5,3.0,
Cables,W1,"GX16-4 aviation connector pair, cable mount",at the hinge loop: the door lifts off,1,6.0,6.0,
Cables,W2,8-core 0.22 mm2 shielded alarm cable,rear harness,4,2.2,8.8,
Cables,W5-W7,2-core and 4-core 0.22 mm2 cable,"leak, lower door, SHT41 leads",4,1.0,4.0,
Cables,port,Membrane grommet 25 mm (hood port) + 20 mm spare,,1,4.0,4.0,
Cables,loop,"Spiral wrap 10 mm, adhesive cable-tie mounts, ties, heat shrink, ferrules",,1,14.0,14.0,
Power,W8,"12 V 2 A regulated plug pack, RCM, 5.5 x 2.1",on the UPS-backed PDU,1,25.0,25.0,
Power,W8,DC 5.5 x 2.1 extension 2 m + socket-to-terminal pigtail,,1,8.0,8.0,
Options,J10,Mains detect: 5 V USB charger (RCM) + USB-A lead to bare ends,in a double adaptor on the AC's GPO,1,15.0,15.0,yes
Options,DO1,12 V LED beacon,on the alarm output,1,18.0,18.0,yes
TOTAL,,kit (excl. options),,,,317.3,
TOTAL,,options,,,,33.0,yes
