id,name,material,thickness_mm,qty,flat_w_mm,flat_h_mm,mass_kg_each,holes,square_holes,cutouts,edge_notches,bends,cut_length_m_each,pierces_each,finish,fits,dxf
SL1,Side skin left - bottom,Steel sheet (Zincanneal or CR4),1.2,1,1064.0,446.5,4.47,12,0,0,5,0,3.31,13,powder coat RAL 7035 both sides,"left side, frame z 0.0-446.5 above datum A",cad/dxf/cut/SL1_1.2mm_steel_x1.dxf
SL2,Side skin left - middle,Steel sheet (Zincanneal or CR4),1.2,1,1064.0,542.0,5.43,10,0,0,10,0,3.44,11,powder coat RAL 7035 both sides,"left side, frame z 447.5-989.5 above datum A",cad/dxf/cut/SL2_1.2mm_steel_x1.dxf
SL3,Side skin left - top,Steel sheet (Zincanneal or CR4),1.2,1,1064.0,775.7,7.76,27,0,0,5,0,4.32,28,powder coat RAL 7035 both sides,"left side, frame z 990.5-1766.2 above datum A",cad/dxf/cut/SL3_1.2mm_steel_x1.dxf
SR1,Side skin right - bottom,Steel sheet (Zincanneal or CR4),1.2,1,1064.0,446.5,4.47,13,0,0,5,0,3.33,14,powder coat RAL 7035 both sides,"right side, frame z 0.0-446.5 above datum A",cad/dxf/cut/SR1_1.2mm_steel_x1.dxf
SR2,Side skin right - middle,Steel sheet (Zincanneal or CR4),1.2,1,1064.0,542.0,5.43,8,0,0,10,0,3.41,9,powder coat RAL 7035 both sides,"right side, frame z 447.5-989.5 above datum A",cad/dxf/cut/SR2_1.2mm_steel_x1.dxf
SR3,Side skin right - top,Steel sheet (Zincanneal or CR4),1.2,1,1064.0,775.7,7.76,29,0,0,5,0,4.35,30,powder coat RAL 7035 both sides,"right side, frame z 990.5-1766.2 above datum A",cad/dxf/cut/SR3_1.2mm_steel_x1.dxf
JS1,"Joint strip, side skins - mid rail",Steel sheet (Zincanneal or CR4),1.2,2,1064.0,50.0,0.50,5,0,0,0,0,2.35,6,powder coat RAL 7035,"over the side-skin joint on the mid rail (right side: same part, flipped)",cad/dxf/cut/JS1_1.2mm_steel_x2.dxf
JS2,"Joint strip, side skins - shelf rail",Steel sheet (Zincanneal or CR4),1.2,2,1064.0,50.0,0.50,7,0,0,0,0,2.40,8,powder coat RAL 7035,"over the side-skin joint on the shelf rail (right side: same part, flipped)",cad/dxf/cut/JS2_1.2mm_steel_x2.dxf
RP1,Rear skin - bottom,Steel sheet (Zincanneal or CR4),1.2,1,622.4,989.5,5.62,19,0,0,3,0,4.13,20,powder coat RAL 7035 both sides,"rear, frame z 0.0-989.5 above datum A",cad/dxf/cut/RP1_1.2mm_steel_x1.dxf
RP2,Rear skin - top,Steel sheet (Zincanneal or CR4),1.2,1,622.4,775.7,4.47,13,0,1,3,0,3.56,15,powder coat RAL 7035 both sides,"rear, frame z 990.5-1766.2 above datum A",cad/dxf/cut/RP2_1.2mm_steel_x1.dxf
JR1,"Joint strip, rear skin",Steel sheet (Zincanneal or CR4),1.2,1,622.4,50.0,0.29,3,0,0,0,0,1.42,4,powder coat RAL 7035,over the rear-skin joint,cad/dxf/cut/JR1_1.2mm_steel_x1.dxf
TP1,Top skin,Steel sheet (Zincanneal or CR4),1.2,1,622.4,1072.4,6.28,13,0,0,0,0,3.72,14,powder coat RAL 7035 both sides,"top, over the top rails and post caps (front at the bottom)",cad/dxf/cut/TP1_1.2mm_steel_x1.dxf
DL1,"Door, lower (AC bay)",Steel sheet (Zincanneal or CR4),1.2,1,622.4,988.5,5.53,23,0,1,0,0,4.24,25,powder coat RAL 7035 both sides,"front, frame z 0.0-988.5 above datum A",cad/dxf/cut/DL1_1.2mm_steel_x1.dxf
DU1,"Door, upper (rack)",Steel sheet (Zincanneal or CR4),1.2,1,622.4,772.7,4.53,12,0,0,0,0,2.98,13,powder coat RAL 7035 both sides,"front, frame z 991.5-1764.2 above datum A",cad/dxf/cut/DU1_1.2mm_steel_x1.dxf
DA1,"Door stiffener, lower door, left vertical",Steel sheet (Zincanneal or CR4),1.2,1,941.0,37.7,0.33,9,0,0,0,1,2.10,10,powder coat RAL 7035,"inside the lower door, left edge; flat leg bonded to the skin, leg inboard",cad/dxf/cut/DA1_1.2mm_steel_x1.dxf
DA2,"Door stiffener, lower door, right vertical",Steel sheet (Zincanneal or CR4),1.2,1,941.0,37.7,0.33,6,0,0,0,1,2.05,7,powder coat RAL 7035,"inside the lower door, right edge; flat leg bonded to the skin, leg inboard",cad/dxf/cut/DA2_1.2mm_steel_x1.dxf
DA3,"Door stiffener, upper door, left vertical",Steel sheet (Zincanneal or CR4),1.2,1,727.2,37.7,0.26,6,0,0,0,1,1.62,7,powder coat RAL 7035,"inside the upper door, left edge; flat leg bonded to the skin, leg inboard",cad/dxf/cut/DA3_1.2mm_steel_x1.dxf
DA4,"Door stiffener, upper door, right vertical",Steel sheet (Zincanneal or CR4),1.2,1,727.2,37.7,0.26,6,0,0,0,1,1.63,7,powder coat RAL 7035,"inside the upper door, right edge; flat leg bonded to the skin, leg inboard",cad/dxf/cut/DA4_1.2mm_steel_x1.dxf
DA5,"Door stiffener, horizontal (top/bottom, both doors)",Steel sheet (Zincanneal or CR4),1.2,4,510.0,37.7,0.18,0,0,0,0,1,1.10,1,powder coat RAL 7035,"inside each door, top and bottom, between the verticals",cad/dxf/cut/DA5_1.2mm_steel_x4.dxf
KB1,Latch keeper bracket,Steel sheet (Zincanneal or CR4),1.2,4,83.3,40.0,0.03,2,0,1,0,1,0.32,4,powder coat RAL 7035,"door front face at the right edge, wraps round to the side",cad/dxf/cut/KB1_1.2mm_steel_x4.dxf
WR1,Window retainer frame,Steel sheet (Zincanneal or CR4),1.2,1,180.0,240.0,0.14,8,0,1,0,0,1.62,10,powder coat RAL 7035,"inside the lower door, clamps the glazing unit",cad/dxf/cut/WR1_1.2mm_steel_x1.dxf
SK1,"Plinth skirt, front",Steel sheet (Zincanneal or CR4),1.2,1,410.0,115.7,0.35,3,0,5,0,1,1.97,9,powder coat RAL 7035,"front, under the base rail between the castor pads",cad/dxf/cut/SK1_1.2mm_steel_x1.dxf
SK2,"Plinth skirt, rear (drain outlet)",Steel sheet (Zincanneal or CR4),1.2,1,410.0,115.7,0.37,3,0,4,0,1,1.84,8,powder coat RAL 7035,"rear, under the base rail (seen from behind)",cad/dxf/cut/SK2_1.2mm_steel_x1.dxf
SK3,"Plinth skirt, side (right: same part turned round)",Steel sheet (Zincanneal or CR4),1.2,2,860.0,115.7,0.74,4,0,9,0,1,3.75,14,powder coat RAL 7035,"left and right, under the side base rails",cad/dxf/cut/SK3_1.2mm_steel_x2.dxf
DT1,Drip tray (304 stainless pan),"Stainless 304 sheet, 2B",1.2,1,603.4,1053.4,5.35,1,0,1,0,4,4.61,3,"as cut, TIG-weld corners, passivate","bay floor, inside the frame",cad/dxf/cut/DT1_1.2mm_SS304_x1.dxf
PD1,Castor pad (weld pack mark PL1),Steel plate (grade 250),8.0,4,100.0,100.0,0.62,4,0,0,0,0,0.49,5,"welded to frame, coated with it","under each frame corner, welded",cad/dxf/cut/PD1_8mm_plate_x4.dxf
PC1,Post top cap (weld pack mark PL2),Steel plate (grade 250),3.0,4,30.0,30.0,0.02,0,0,0,0,0,0.12,1,"welded to frame, coated with it","top of each post, welded",cad/dxf/cut/PC1_3mm_plate_x4.dxf
RR1,"19in rail, 16U (EIA-310 square holes)",Steel sheet (CR4),2.0,4,721.2,46.2,0.45,3,48,0,0,1,3.42,52,zinc plate (keep cage-nut holes clear),"on the rail spacers RS1, front and rear, both sides (bend 2 up, 2 down)",cad/dxf/cut/RR1_2mm_steel_x4.dxf
